0039	BYU Cont Ed
3077	FSY
3079	CE FSY PR Overhead
3080	CE FSY Overhead
3078	CE FSY General
0105	Physical Facilities Division
2082	PF Building Care
0722	PF Building Maintenance
0946	PF Auxiliary Maintenance
2898	PF Custodial
2955	BYUB Administration
2873	CE BYU Online
3194	Food to Go Services
2167	Culinary Support Center
0952	Creameries
2007	Student Life VP Asst
0511	Student Development Services
0686	Special Events
0621	School of Music
0539	School of Family Life
0951	Retail
2170	Restaurants-Catering
3192	CE FSY Training Overhead